code_pays,annee,dep_sante,mort_inf,esp_vie,mort_mat,id_pays,_est_fe,_est_re
AGO,2000,1.6852528,185,46.500999,659,AGO,1,1
AGO,2001,3.9588265,176.3,47.032001,629,AGO,1,1
AGO,2002,2.9398222,166.39999,47.874001,602,AGO,1,1
AGO,2003,3.1068034,155.5,50.217999,538,AGO,1,1
AGO,2004,3.4608405,143.7,51.123001,499,AGO,1,1
AGO,2005,2.5472658,131.5,52.130001,462,AGO,1,1
AGO,2006,2.3983343,119.8,52.965,437,AGO,1,1
AGO,2007,2.6579084,109,54.200001,401,AGO,1,1
AGO,2008,2.978076,99.199997,55.280998,372,AGO,1,1
AGO,2009,3.3065591,90.699997,56.224998,348,AGO,1,1
AGO,2010,2.3637385,83.400002,57.242001,321,AGO,1,1
AGO,2011,2.355619,77.199997,58.092999,301,AGO,1,1
AGO,2012,2.1367731,72,58.916,278,AGO,1,1
AGO,2013,2.4297719,67.900002,59.705002,267,AGO,1,1
AGO,2014,2.1568003,64.5,60.396,262,AGO,1,1
AGO,2015,2.2996688,61.799999,61.042,249,AGO,1,1
AGO,2016,2.3906872,59.599998,61.618999,236,AGO,1,1
AGO,2017,2.4379425,57.900002,62.122002,220,AGO,1,1
AGO,2018,2.2988749,56.5,62.622002,208,AGO,1,1
AGO,2019,2.2039428,55.299999,63.050999,202,AGO,1,1
AGO,2020,2.816889,54.200001,63.116001,195,AGO,1,1
AGO,2021,2.739871,53.200001,62.958,211,AGO,1,1
AGO,2022,2.6004105,51.900002,64.246002,185,AGO,1,1
BDI,2000,4.2218161,152.39999,47.617001,860,BDI,1,1
BDI,2001,5.6818042,147.5,48.508999,799,BDI,1,1
BDI,2002,5.3498359,142.3,49.924,743,BDI,1,1
BDI,2003,5.2724519,136.60001,50.997002,705,BDI,1,1
BDI,2004,7.0957274,130.39999,52.216999,687,BDI,1,1
BDI,2005,7.5601659,123.7,53.053001,685,BDI,1,1
BDI,2006,8.7126484,116.6,53.962002,670,BDI,1,1
BDI,2007,9.1855402,109.5,54.832001,655,BDI,1,1
BDI,2008,7.7414751,102.6,55.581001,635,BDI,1,1
BDI,2009,9.2323847,96.099998,56.422001,612,BDI,1,1
BDI,2010,11.281967,90.199997,57.088001,614,BDI,1,1
BDI,2011,10.069963,84.699997,57.804001,597,BDI,1,1
BDI,2012,8.6375647,79.599998,58.500999,575,BDI,1,1
BDI,2013,8.6283464,74.900002,59.179001,555,BDI,1,1
BDI,2014,7.2108154,70.599998,59.764,533,BDI,1,1
BDI,2015,6.2904449,66.900002,60.106998,525,BDI,1,1
BDI,2016,7.0614824,63.700001,60.789001,501,BDI,1,1
BDI,2017,6.9523039,60.900002,61.345001,482,BDI,1,1
BDI,2018,7.2939615,58.5,61.806,464,BDI,1,1
BDI,2019,9.0594063,56.200001,62.18,449,BDI,1,1
BDI,2020,10.707762,54.299999,62.569,441,BDI,1,1
BDI,2021,8.9419031,52.299999,62.101002,447,BDI,1,1
BDI,2022,8.6687746,50.299999,62.882,412,BDI,1,1
BEN,2000,2.9591713,135,56.594002,529,BEN,1,1
BEN,2001,3.3041732,131.7,56.653999,532,BEN,1,1
BEN,2002,3.095892,128.5,56.851002,534,BEN,1,1
BEN,2003,3.116785,125.4,57.091999,532,BEN,1,1
BEN,2004,3.2327387,122.5,57.346001,531,BEN,1,1
BEN,2005,3.2234581,119.7,57.737999,514,BEN,1,1
BEN,2006,3.2877386,117,57.966,509,BEN,1,1
BEN,2007,2.9371564,114.4,58.249001,501,BEN,1,1
BEN,2008,2.6517811,112,58.098999,563,BEN,1,1
BEN,2009,2.8995388,109.7,58.257999,598,BEN,1,1
BEN,2010,3.0184824,107.4,58.387001,607,BEN,1,1
BEN,2011,2.9986556,105.1,58.462002,613,BEN,1,1
BEN,2012,3.0756297,102.9,58.558998,618,BEN,1,1
BEN,2013,2.8688076,100.6,58.862999,607,BEN,1,1
BEN,2014,2.6911197,98.400002,59.007999,605,BEN,1,1
BEN,2015,2.7281342,96.099998,59.123001,606,BEN,1,1
BEN,2016,3.6204286,94,59.283001,604,BEN,1,1
BEN,2017,3.6738935,91.800003,59.528,592,BEN,1,1
BEN,2018,3.4364984,89.400002,59.709999,585,BEN,1,1
BEN,2019,3.0020688,87,59.888,572,BEN,1,1
BEN,2020,3.0512166,84.599998,60.153999,578,BEN,1,1
BEN,2021,2.9158976,82.199997,59.610001,584,BEN,1,1
BEN,2022,2.9818439,79.599998,60.474998,547,BEN,1,1
BFA,2000,4.0211668,176,50.807999,524,BFA,1,1
BFA,2001,3.9598391,171.89999,51.188,513,BFA,1,1
BFA,2002,4.1798553,167.3,51.446999,508,BFA,1,1
BFA,2003,4.4226604,162.3,51.959,495,BFA,1,1
BFA,2004,5.2308364,156.8,52.599998,481,BFA,1,1
BFA,2005,4.8378491,150.8,53.271,467,BFA,1,1
BFA,2006,5.170433,144.39999,53.784,463,BFA,1,1
BFA,2007,5.7753501,138.10001,54.376999,453,BFA,1,1
BFA,2008,4.967216,132.10001,55.199001,429,BFA,1,1
BFA,2009,5.1968393,126.5,55.791,419,BFA,1,1
BFA,2010,5.2896724,121.3,56.342999,404,BFA,1,1
BFA,2011,4.6486816,116.6,57.000999,388,BFA,1,1
BFA,2012,4.6026726,112.3,57.457001,376,BFA,1,1
BFA,2013,5.5633159,108.2,57.903,361,BFA,1,1
BFA,2014,5.0002723,104.3,58.331001,344,BFA,1,1
BFA,2015,5.1319242,100.8,58.778,328,BFA,1,1
BFA,2016,5.9528465,97.400002,59.173,313,BFA,1,1
BFA,2017,6.1207519,94.099998,59.577999,298,BFA,1,1
BFA,2018,4.9442768,91,59.972,286,BFA,1,1
BFA,2019,5.3500113,88.099998,60.183998,274,BFA,1,1
BFA,2020,6.8946996,85.099998,60.453999,334,BFA,1,1
BFA,2021,7.0869193,82.400002,60.046001,354,BFA,1,1
BFA,2022,7.4143553,79.800003,60.700001,316,BFA,1,1
BWA,2000,6.1083856,79.800003,52.263,136,BWA,1,1
BWA,2001,6.3660779,79.300003,52.209999,138,BWA,1,1
BWA,2002,6.665298,77.900002,52.373001,140,BWA,1,1
BWA,2003,6.4093385,76.699997,52.851002,142,BWA,1,1
BWA,2004,6.09126,75.699997,53.573002,151,BWA,1,1
BWA,2005,5.2653294,70.800003,54.386002,166,BWA,1,1
BWA,2006,4.8759942,66,55.112,204,BWA,1,1
BWA,2007,5.5208073,64.300003,56.735001,201,BWA,1,1
BWA,2008,5.8974729,63.700001,57.660999,199,BWA,1,1
BWA,2009,6.6208119,60.599998,58.297001,213,BWA,1,1
BWA,2010,6.2671819,58.400002,59.137001,228,BWA,1,1
BWA,2011,5.8691502,58.799999,59.715,269,BWA,1,1
BWA,2012,6.3501058,53.900002,60.383999,288,BWA,1,1
BWA,2013,6.4991364,50.299999,61.216999,221,BWA,1,1
BWA,2014,5.8804059,49,62.167,212,BWA,1,1
BWA,2015,6.1028776,46.700001,63.215,141,BWA,1,1
BWA,2016,5.7683764,45.099998,64.32,72,BWA,1,1
BWA,2017,6.6298699,42.099998,65.419998,46,BWA,1,1
BWA,2018,6.0401034,41.200001,66.371002,99,BWA,1,1
BWA,2019,6.121932,40,67.167,100,BWA,1,1
BWA,2020,6.1213398,38.900002,67.642998,98,BWA,1,1
BWA,2021,6.3031507,37.099998,63.303001,165,BWA,1,1
BWA,2022,5.7365079,35.700001,68.749001,120,BWA,1,1
CAF,2000,4.3808217,165.5,46.609001,1490,CAF,1,1
CAF,2001,4.0104399,162.5,46.734001,1504,CAF,1,1
CAF,2002,4.2363362,159,46.84,1496,CAF,1,1
CAF,2003,4.1857247,155.60001,47.306,1487,CAF,1,1
CAF,2004,4.1436791,151.8,47.695999,1450,CAF,1,1
CAF,2005,4.2285757,147.89999,48.207001,1389,CAF,1,1
CAF,2006,4.3110867,143.5,48.687,1337,CAF,1,1
CAF,2007,4.6338892,139.3,49.327,1271,CAF,1,1
CAF,2008,4.0263577,135.5,49.873001,1234,CAF,1,1
CAF,2009,4.6832561,489.29999,14.665,1272,CAF,1,1
CAF,2010,3.5669987,150.7,46.870998,1230,CAF,1,1
CAF,2011,3.6756186,125.1,50.106998,1131,CAF,1,1
CAF,2012,3.9181445,121.9,51.335999,1092,CAF,1,1
CAF,2013,4.766602,134.2,49.487,1092,CAF,1,1
CAF,2014,4.5655737,186.8,40.264999,1034,CAF,1,1
CAF,2015,5.0343418,113.7,51.933998,981,CAF,1,1
CAF,2016,5.4440231,126.8,50.999001,962,CAF,1,1
CAF,2017,6.6654158,155.2,45.230999,1093,CAF,1,1
CAF,2018,10.994841,120.2,52.297001,881,CAF,1,1
CAF,2019,7.7608151,254.7,31.530001,1650,CAF,1,1
CAF,2020,8.9848804,124.2,50.596001,1296,CAF,1,1
CAF,2021,9.1509752,178.7,40.278999,1127,CAF,1,1
CAF,2022,9.949935,424.60001,18.818001,841,CAF,1,1
CIV,2000,3.6147692,140.39999,51.393002,378,CIV,1,1
CIV,2001,3.5904715,136.89999,51.428001,405,CIV,1,1
CIV,2002,3.5414605,133.10001,51.543999,427,CIV,1,1
CIV,2003,3.9514771,129.2,51.443001,451,CIV,1,1
CIV,2004,4.0214872,125.3,51.938999,456,CIV,1,1
CIV,2005,3.9663908,121.2,52.431999,492,CIV,1,1
CIV,2006,3.9286146,117.4,52.884998,544,CIV,1,1
CIV,2007,4.1937966,113.5,53.452,567,CIV,1,1
CIV,2008,4.1387105,109,54.179001,562,CIV,1,1
CIV,2009,4.6397142,105.2,54.743999,588,CIV,1,1
CIV,2010,4.5749483,101.6,55.282001,592,CIV,1,1
CIV,2011,4.397007,98.400002,55.972,569,CIV,1,1
CIV,2012,4.4273715,95.300003,56.57,566,CIV,1,1
CIV,2013,3.7177379,92,57.056999,544,CIV,1,1
CIV,2014,3.7310183,88.599998,57.771999,522,CIV,1,1
CIV,2015,3.2198832,85.5,58.280998,505,CIV,1,1
CIV,2016,3.3210127,83,58.813999,488,CIV,1,1
CIV,2017,3.2469304,80.5,59.314999,465,CIV,1,1
CIV,2018,3.0916779,77.900002,59.794998,449,CIV,1,1
CIV,2019,3.1891685,75.300003,60.273998,429,CIV,1,1
CIV,2020,3.6232789,73,60.139999,447,CIV,1,1
CIV,2021,3.7620766,70.800003,60.290001,459,CIV,1,1
CIV,2022,3.6384761,68.699997,61.562,409,CIV,1,1
CMR,2000,4.2957339,143.89999,53.338001,678,CMR,1,1
CMR,2001,4.168304,141,53.598,672,CMR,1,1
CMR,2002,4.0266991,137.60001,53.922001,658,CMR,1,1
CMR,2003,3.9022799,134.3,54.252998,645,CMR,1,1
CMR,2004,3.7279899,130.89999,54.577999,633,CMR,1,1
CMR,2005,3.7727444,127.6,54.903999,629,CMR,1,1
CMR,2006,3.7366283,124.2,55.300999,615,CMR,1,1
CMR,2007,3.7949879,120.8,55.709999,605,CMR,1,1
CMR,2008,3.6584368,117.2,56.116001,592,CMR,1,1
CMR,2009,3.4999719,113.7,56.486,579,CMR,1,1
CMR,2010,3.5774217,109.5,56.965,562,CMR,1,1
CMR,2011,3.8528295,105.2,57.481998,541,CMR,1,1
CMR,2012,3.9310236,100.8,58.169998,500,CMR,1,1
CMR,2013,3.6313643,96.5,58.73,469,CMR,1,1
CMR,2014,4.3414879,92.400002,59.130001,440,CMR,1,1
CMR,2015,4.1260052,88.5,59.687,417,CMR,1,1
CMR,2016,4.0225372,85.099998,60.292999,393,CMR,1,1
CMR,2017,3.7929394,81.900002,60.817001,372,CMR,1,1
CMR,2018,3.6197016,78.900002,61.188999,354,CMR,1,1
CMR,2019,3.6515791,76.599998,61.695,336,CMR,1,1
CMR,2020,4.2505193,74.400002,61.674,316,CMR,1,1
CMR,2021,4.3410978,71.900002,61.146,342,CMR,1,1
CMR,2022,4.4943914,69.400002,62.443001,276,CMR,1,1
COD,2000,1.4659474,184.60001,51.887001,585,COD,1,1
COD,2001,2.6231098,178.39999,52.205002,588,COD,1,1
COD,2002,2.5701294,172.2,52.370998,601,COD,1,1
COD,2003,3.7335334,165.89999,52.952,605,COD,1,1
COD,2004,4.3356419,159.39999,53.534,607,COD,1,1
COD,2005,3.9855824,124.4,54.000999,613,COD,1,1
COD,2006,4.0621066,118.9,54.498001,619,COD,1,1
COD,2007,3.8938496,113.8,54.953999,631,COD,1,1
COD,2008,4.3125482,109.2,55.388,620,COD,1,1
COD,2009,4.5113316,105,55.798,608,COD,1,1
COD,2010,3.7222428,101.4,56.410999,601,COD,1,1
COD,2011,3.1943555,98.300003,56.910999,589,COD,1,1
COD,2012,3.2215035,95.900002,57.349998,578,COD,1,1
COD,2013,3.3405752,94.099998,57.794998,567,COD,1,1
COD,2014,3.7252061,92.699997,58.236,558,COD,1,1
COD,2015,3.7478545,91.900002,58.658001,545,COD,1,1
COD,2016,4.2002783,91.5,59.081001,526,COD,1,1
COD,2017,4.0005779,91.5,59.494999,519,COD,1,1
COD,2018,3.2412717,91.699997,59.925999,508,COD,1,1
COD,2019,3.508039,92.199997,60.242001,493,COD,1,1
COD,2020,3.9769444,92.699997,60.428001,489,COD,1,1
COD,2021,3.8672798,92.900002,60.043999,507,COD,1,1
COD,2022,3.9417696,92.5,60.979,456,COD,1,1
COG,2000,1.5050085,112.5,55.370998,509,COG,1,1
COG,2001,2.1852999,109.3,55.884998,489,COG,1,1
COG,2002,1.7016783,104.6,56.414001,464,COG,1,1
COG,2003,1.918524,98.900002,57.131001,436,COG,1,1
COG,2004,1.9215237,92.300003,57.957001,400,COG,1,1
COG,2005,1.717741,85.699997,58.73,385,COG,1,1
COG,2006,1.7086132,79.5,59.473999,394,COG,1,1
COG,2007,1.9020017,73.900002,60.049999,370,COG,1,1
COG,2008,2.2392714,69.199997,60.790001,395,COG,1,1
COG,2009,2.1422224,65.300003,61.215,414,COG,1,1
COG,2010,1.8517286,62.400002,61.730999,382,COG,1,1
COG,2011,1.7523732,60,62.285999,378,COG,1,1
COG,2012,1.9097106,57.900002,62.661999,374,COG,1,1
COG,2013,1.9434716,56.200001,62.969002,320,COG,1,1
COG,2014,1.9731174,54.5,63.348999,302,COG,1,1
COG,2015,2.4566848,52.700001,63.661999,284,COG,1,1
COG,2016,2.5942299,51,63.910999,263,COG,1,1
COG,2017,2.3647602,49.299999,64.203003,262,COG,1,1
COG,2018,1.7558498,47.599998,64.472,259,COG,1,1
COG,2019,2.3477128,52.200001,63.152,245,COG,1,1
COG,2020,4.0177507,44.5,64.390999,247,COG,1,1
COG,2021,3.4613335,43,64.192001,301,COG,1,1
COG,2022,2.3001137,41.5,65,241,COG,1,1
COM,2000,7.5152502,79.900002,58.941002,476,COM,1,1
COM,2001,6.6571784,76.800003,59.587002,440,COM,1,1
COM,2002,6.685946,73.800003,59.723,428,COM,1,1
COM,2003,6.6602483,71,60.240002,400,COM,1,1
COM,2004,6.5857615,68.300003,60.556999,385,COM,1,1
COM,2005,6.1314287,65.800003,60.882999,373,COM,1,1
COM,2006,5.7734184,63.400002,61.229,360,COM,1,1
COM,2007,5.4175386,61.200001,61.474998,352,COM,1,1
COM,2008,5.068975,59.200001,61.955002,334,COM,1,1
COM,2009,4.9269438,57.299999,62.301998,320,COM,1,1
COM,2010,4.9918156,55.599998,62.747002,305,COM,1,1
COM,2011,5.3021183,54,63.105,291,COM,1,1
COM,2012,5.1735463,52.5,63.463001,274,COM,1,1
COM,2013,5.102993,51.200001,63.839001,260,COM,1,1
COM,2014,5.2384973,50,64.142998,247,COM,1,1
COM,2015,4.6008992,48.900002,64.473,237,COM,1,1
COM,2016,4.6526356,47.900002,64.792,225,COM,1,1
COM,2017,5.2680745,46.900002,65.126999,219,COM,1,1
COM,2018,4.9031858,45.799999,65.401001,209,COM,1,1
COM,2019,5.1804447,44.799999,65.662003,202,COM,1,1
COM,2020,5.902421,43.700001,65.755997,198,COM,1,1
COM,2021,6.46315,42.599998,65.200996,215,COM,1,1
COM,2022,8.4711952,41.400002,66.481003,186,COM,1,1
CPV,2000,3.8602502,36,68.116997,110,CPV,1,1
CPV,2001,3.6965292,32.799999,68.707001,101,CPV,1,1
CPV,2002,3.7248976,30.5,69.446999,92,CPV,1,1
CPV,2003,3.6274426,29,70.005997,86,CPV,1,1
CPV,2004,3.5461631,28.200001,70.499001,80,CPV,1,1
CPV,2005,3.3408659,28,70.935997,75,CPV,1,1
CPV,2006,3.8240676,28,71.341003,76,CPV,1,1
CPV,2007,3.8421862,28.1,71.487,73,CPV,1,1
CPV,2008,3.2695158,27.9,71.888,68,CPV,1,1
CPV,2009,3.55867,27.5,72.141998,62,CPV,1,1
CPV,2010,4.0808539,26.700001,72.507004,61,CPV,1,1
CPV,2011,3.9252782,25.6,72.913002,55,CPV,1,1
CPV,2012,4.6740551,24.200001,73.315002,51,CPV,1,1
CPV,2013,4.8246827,22.6,73.481003,50,CPV,1,1
CPV,2014,4.8523154,20.9,73.788002,48,CPV,1,1
CPV,2015,4.4007368,19.200001,74.096001,46,CPV,1,1
CPV,2016,4.36134,17.6,74.349998,44,CPV,1,1
CPV,2017,4.4807096,16.200001,74.709999,43,CPV,1,1
CPV,2018,4.7854819,15.1,74.839996,43,CPV,1,1
CPV,2019,4.8243132,14.1,75.448997,41,CPV,1,1
CPV,2020,7.0339932,13.3,73.818001,56,CPV,1,1
CPV,2021,6.6077361,12.7,74.424004,56,CPV,1,1
CPV,2022,6.7024341,12.1,75.906998,42,CPV,1,1
DJI,2000,3.3964186,98.5,56.734001,501,DJI,1,1
DJI,2001,3.1960845,96.300003,57.506001,441,DJI,1,1
DJI,2002,3.7524378,94,57.824001,404,DJI,1,1
DJI,2003,4.2704873,91.599998,58.041,391,DJI,1,1
DJI,2004,3.5354469,89.300003,58.103001,364,DJI,1,1
DJI,2005,3.8032196,86.900002,58.548,315,DJI,1,1
DJI,2006,4.2197247,84.599998,58.962002,298,DJI,1,1
DJI,2007,4.0526276,82.300003,59.362,285,DJI,1,1
DJI,2008,3.6125772,79.900002,59.814999,273,DJI,1,1
DJI,2009,3.6390557,77.699997,60.351002,263,DJI,1,1
DJI,2010,3.356997,75.5,60.743,243,DJI,1,1
DJI,2011,3.3738787,73.400002,61.337002,229,DJI,1,1
DJI,2012,3.2973099,71.300003,61.719002,221,DJI,1,1
DJI,2013,2.9178212,69.199997,62.116001,219,DJI,1,1
DJI,2014,2.959301,67.199997,62.426998,212,DJI,1,1
DJI,2015,3.3475771,65.199997,62.833,210,DJI,1,1
DJI,2016,2.7416613,63.200001,63.334999,204,DJI,1,1
DJI,2017,2.4797637,61.200001,63.709999,201,DJI,1,1
DJI,2018,2.530864,59.400002,64.105003,199,DJI,1,1
DJI,2019,2.4134784,57.5,64.380997,194,DJI,1,1
DJI,2020,2.3386123,55.700001,64.199997,192,DJI,1,1
DJI,2021,2.8712809,54,63.830002,221,DJI,1,1
DJI,2022,2.5255454,52.099998,65.540001,174,DJI,1,1
DZA,2000,3.2148545,41.700001,70.575996,123,DZA,1,1
DZA,2001,3.5362859,40.200001,71.025002,113,DZA,1,1
DZA,2002,3.4416964,38.599998,71.643997,102,DZA,1,1
DZA,2003,3.3256936,37,71.905998,101,DZA,1,1
DZA,2004,3.2903051,35.400002,72.536003,91,DZA,1,1
DZA,2005,3.1188612,33.900002,72.835999,87,DZA,1,1
DZA,2006,3.1899989,32.5,73.115997,84,DZA,1,1
DZA,2007,3.6201143,31.200001,73.346001,83,DZA,1,1
DZA,2008,3.9833102,30.1,73.617996,83,DZA,1,1
DZA,2009,4.892108,29,73.871002,83,DZA,1,1
DZA,2010,4.6400142,28.1,74.143997,82,DZA,1,1
DZA,2011,4.825675,27.299999,74.383003,81,DZA,1,1
DZA,2012,5.6365852,26.6,74.609001,81,DZA,1,1
DZA,2013,5.6454177,25.9,74.808998,81,DZA,1,1
DZA,2014,6.0148411,25.4,74.991997,80,DZA,1,1
DZA,2015,6.3343568,24.9,75.158997,79,DZA,1,1
DZA,2016,6.0008087,24.5,75.309998,79,DZA,1,1
DZA,2017,5.9484539,24,75.431,77,DZA,1,1
DZA,2018,5.9323926,23.700001,75.555,75,DZA,1,1
DZA,2019,5.4173212,23.299999,75.681999,73,DZA,1,1
DZA,2020,5.6383076,22.9,73.257004,97,DZA,1,1
DZA,2021,5.0218887,22.6,75.208,79,DZA,1,1
DZA,2022,3.6346428,22.299999,76.128998,64,DZA,1,1
EGY,2000,4.9224429,47.299999,67.332001,53,EGY,1,1
EGY,2001,5.4003034,44.799999,67.612,50,EGY,1,1
EGY,2002,5.5107379,42.5,67.846001,48,EGY,1,1
EGY,2003,5.2242527,40.400002,68.044998,45,EGY,1,1
EGY,2004,4.8573236,38.599998,68.210999,43,EGY,1,1
EGY,2005,4.9222918,37,68.355003,41,EGY,1,1
EGY,2006,4.8419008,35.599998,68.492996,40,EGY,1,1
EGY,2007,4.4449325,34.200001,68.626999,38,EGY,1,1
EGY,2008,4.4663482,32.799999,68.761002,36,EGY,1,1
EGY,2009,4.3787093,31.6,68.915001,34,EGY,1,1
EGY,2010,4.1531916,30.5,69.078003,32,EGY,1,1
EGY,2011,4.3570757,29.5,69.232002,31,EGY,1,1
EGY,2012,4.4589181,28.6,69.463997,29,EGY,1,1
EGY,2013,4.6710043,27.799999,69.632004,27,EGY,1,1
EGY,2014,4.7741532,27.1,69.911003,26,EGY,1,1
EGY,2015,5.061532,26.5,70.135002,24,EGY,1,1
EGY,2016,5.0746241,26,70.436996,23,EGY,1,1
EGY,2017,5.3466191,25.6,70.709,21,EGY,1,1
EGY,2018,4.74893,25.200001,70.973999,20,EGY,1,1
EGY,2019,4.5994668,24.799999,71.212997,19,EGY,1,1
EGY,2020,4.1538463,24.4,69.790001,31,EGY,1,1
EGY,2021,4.6095514,24,68.975998,42,EGY,1,1
EGY,2022,4.723628,23.5,71.010002,24,EGY,1,1
ERI,2000,5.7667007,85.300003,56.285,741,ERI,1,1
ERI,2001,5.9193168,81.099998,58.359001,651,ERI,1,1
ERI,2002,6.6885743,77.300003,58.941002,636,ERI,1,1
ERI,2003,7.3370337,73.800003,59.455002,588,ERI,1,1
ERI,2004,7.0098491,70.5,60.063,588,ERI,1,1
ERI,2005,6.8641758,67.5,60.627998,567,ERI,1,1
ERI,2006,6.8572745,64.699997,61.457001,555,ERI,1,1
ERI,2007,5.2786293,62,61.998001,541,ERI,1,1
ERI,2008,6.5780754,59.599998,62.422001,530,ERI,1,1
ERI,2009,5.4234319,57.299999,63.202999,515,ERI,1,1
ERI,2010,4.818665,55.200001,63.665001,498,ERI,1,1
ERI,2011,5.1622901,53.299999,64.231003,478,ERI,1,1
ERI,2012,3.7424579,51.400002,64.696999,458,ERI,1,1
ERI,2013,4.9681306,49.700001,65.004997,443,ERI,1,1
ERI,2014,3.9143238,48.099998,65.516998,430,ERI,1,1
ERI,2015,4.5077682,46.400002,65.908997,413,ERI,1,1
ERI,2016,3.7383895,44.700001,66.241997,395,ERI,1,1
ERI,2017,4.1535945,43.299999,66.612,379,ERI,1,1
ERI,2018,4.247489,41.900002,66.978996,363,ERI,1,1
ERI,2019,4.6480646,40.5,67.306,351,ERI,1,1
ERI,2020,4.3111773,39.099998,66.980003,334,ERI,1,1
ERI,2021,4.17839,37.799999,66.940002,338,ERI,1,1
ERI,2022,3.8753784,36.599998,67.789001,301,ERI,1,1
ETH,2000,4.365047,140.10001,50.880001,870,ETH,1,1
ETH,2001,4.7231669,133.8,51.428001,856,ETH,1,1
ETH,2002,4.7126298,127.4,52.084999,826,ETH,1,1
ETH,2003,4.8997092,121,52.876999,797,ETH,1,1
ETH,2004,4.3128185,114.6,53.735001,764,ETH,1,1
ETH,2005,4.1009812,108.3,54.363998,754,ETH,1,1
ETH,2006,4.4575729,102.4,55.402,729,ETH,1,1
ETH,2007,5.0012832,96.900002,56.566002,704,ETH,1,1
ETH,2008,4.2806387,91.800003,57.733002,678,ETH,1,1
ETH,2009,4.6496563,87.099998,58.715,649,ETH,1,1
ETH,2010,5.4663725,82.699997,59.709,619,ETH,1,1
ETH,2011,4.4689775,78.599998,60.595001,588,ETH,1,1
ETH,2012,4.5395956,74.800003,61.443001,545,ETH,1,1
ETH,2013,4.0750651,71.199997,62.160999,494,ETH,1,1
ETH,2014,4.0336552,67.699997,62.926998,444,ETH,1,1
ETH,2015,3.8231683,64.400002,63.591999,401,ETH,1,1
ETH,2016,3.6003375,61.299999,64.162003,364,ETH,1,1
ETH,2017,3.4533691,58.400002,64.765999,327,ETH,1,1
ETH,2018,3.3037176,55.799999,65.257004,297,ETH,1,1
ETH,2019,3.2428713,53.599998,65.740997,269,ETH,1,1
ETH,2020,3.4809628,51.5,65.969002,244,ETH,1,1
ETH,2021,3.2077997,70.400002,65.330002,250,ETH,1,1
ETH,2022,2.8529811,68.099998,66.897003,207,ETH,1,1
GAB,2000,2.904711,73.300003,61.810001,178,GAB,1,1
GAB,2001,3.1519821,71.5,61.981998,160,GAB,1,1
GAB,2002,3.3297069,69.599998,62.174999,151,GAB,1,1
GAB,2003,3.5364847,67.699997,62.463001,134,GAB,1,1
GAB,2004,3.3649859,65.599998,62.694,142,GAB,1,1
GAB,2005,2.9217517,63.599998,62.978001,175,GAB,1,1
GAB,2006,3.1462393,61.799999,63.258999,186,GAB,1,1
GAB,2007,3.0834198,59.700001,63.618999,173,GAB,1,1
GAB,2008,2.8476067,57.599998,64.011002,158,GAB,1,1
GAB,2009,3.7807667,55.599998,64.361,158,GAB,1,1
GAB,2010,2.475569,53.400002,64.714996,144,GAB,1,1
GAB,2011,2.5577157,51.299999,65.101997,149,GAB,1,1
GAB,2012,2.4209757,49.400002,65.438004,173,GAB,1,1
GAB,2013,2.840872,47.299999,65.750999,235,GAB,1,1
GAB,2014,2.5328226,45.799999,66.07,273,GAB,1,1
GAB,2015,2.6574395,44.400002,66.335999,239,GAB,1,1
GAB,2016,3.1076982,42.700001,66.583,215,GAB,1,1
GAB,2017,2.7806888,41.400002,66.816002,184,GAB,1,1
GAB,2018,2.752351,39.900002,67.042999,176,GAB,1,1
GAB,2019,2.7683704,38.5,67.336998,179,GAB,1,1
GAB,2020,3.4401269,36.799999,67.072998,194,GAB,1,1
GAB,2021,2.7925413,35.799999,67.071999,249,GAB,1,1
GAB,2022,2.8908718,34.700001,67.712997,216,GAB,1,1
GHA,2000,1.6634324,99.900002,58.139,472,GHA,1,1
GHA,2001,1.8686633,95.800003,58.403,460,GHA,1,1
GHA,2002,1.9469459,91.900002,58.709,434,GHA,1,1
GHA,2003,2.1493528,88.199997,59.014,410,GHA,1,1
GHA,2004,2.3695529,85,59.316002,403,GHA,1,1
GHA,2005,3.2734411,82,59.638,390,GHA,1,1
GHA,2006,3.6720879,79.099998,59.974998,385,GHA,1,1
GHA,2007,3.7090032,76.199997,60.282001,377,GHA,1,1
GHA,2008,3.7253351,73.099998,60.577999,380,GHA,1,1
GHA,2009,4.1771774,69.800003,60.928001,369,GHA,1,1
GHA,2010,4.5230293,66.5,61.297001,363,GHA,1,1
GHA,2011,4.4637465,63.299999,61.617001,356,GHA,1,1
GHA,2012,3.9302366,60.299999,61.994999,351,GHA,1,1
GHA,2013,4.5922542,57.5,62.396999,338,GHA,1,1
GHA,2014,4.0164413,54.900002,62.832001,317,GHA,1,1
GHA,2015,4.5429926,52.5,63.174999,310,GHA,1,1
GHA,2016,3.3903582,50.299999,63.521999,296,GHA,1,1
GHA,2017,2.6878698,48.200001,63.828999,287,GHA,1,1
GHA,2018,2.4300117,46.099998,64.138,276,GHA,1,1
GHA,2019,3.2545047,44.099998,64.455002,260,GHA,1,1
GHA,2020,4.4331708,42.200001,64.308998,253,GHA,1,1
GHA,2021,3.8603086,40.299999,64.286003,264,GHA,1,1
GHA,2022,3.6745915,38.599998,65.246002,239,GHA,1,1
GIN,2000,4.7410135,165.7,52.419998,951,GIN,1,1
GIN,2001,4.8843303,159,52.668999,946,GIN,1,1
GIN,2002,5.3565373,152.7,53.200001,916,GIN,1,1
GIN,2003,4.7721648,146.89999,53.589001,892,GIN,1,1
GIN,2004,4.7763281,141.60001,53.974998,869,GIN,1,1
GIN,2005,4.0345268,137,54.422001,843,GIN,1,1
GIN,2006,3.6152689,133.10001,54.875,825,GIN,1,1
GIN,2007,3.4826248,129.7,55.233002,802,GIN,1,1
GIN,2008,3.2656171,126.9,55.702999,772,GIN,1,1
GIN,2009,3.5814664,124.4,56.051998,766,GIN,1,1
GIN,2010,3.4278173,122.2,56.431,750,GIN,1,1
GIN,2011,3.789551,120.3,56.778,728,GIN,1,1
GIN,2012,3.5039852,118.4,57.117001,703,GIN,1,1
GIN,2013,3.4610865,116.6,57.459,682,GIN,1,1
GIN,2014,4.787992,115.4,57.581001,664,GIN,1,1
GIN,2015,5.8091927,113.7,57.898998,642,GIN,1,1
GIN,2016,5.3969493,111.4,58.490002,606,GIN,1,1
GIN,2017,3.9151273,109.5,58.715,582,GIN,1,1
GIN,2018,3.73843,107.5,59.042999,560,GIN,1,1
GIN,2019,4.0887623,105.4,59.379002,548,GIN,1,1
GIN,2020,3.9009452,102.9,59.349998,528,GIN,1,1
GIN,2021,3.7175858,100.3,59.373001,533,GIN,1,1
GIN,2022,3.832927,97.599998,60.431999,500,GIN,1,1
GMB,2000,10.785328,112.8,56.898998,810,GMB,1,1
GMB,2001,8.2992573,108.1,57.283001,794,GMB,1,1
GMB,2002,6.2326026,103.6,57.736,772,GMB,1,1
GMB,2003,5.2970905,99.199997,58.223,749,GMB,1,1
GMB,2004,5.4200015,94.900002,58.749001,719,GMB,1,1
GMB,2005,5.386024,90.699997,59.110001,707,GMB,1,1
GMB,2006,5.4372082,86.800003,59.667,682,GMB,1,1
GMB,2007,4.9550195,83,60.000999,675,GMB,1,1
GMB,2008,4.6593876,79.400002,60.473,653,GMB,1,1
GMB,2009,4.4643064,76,60.735001,634,GMB,1,1
GMB,2010,4.1194406,72.699997,61.167,632,GMB,1,1
GMB,2011,4.3696737,69.699997,61.561001,634,GMB,1,1
GMB,2012,4.2687225,66.800003,61.900002,628,GMB,1,1
GMB,2013,3.9137487,64,62.251999,606,GMB,1,1
GMB,2014,3.0523458,61.400002,62.576,561,GMB,1,1
GMB,2015,3.1761291,58.900002,62.971001,527,GMB,1,1
GMB,2016,3.1952372,56.599998,63.386002,490,GMB,1,1
GMB,2017,3.3544927,54.299999,63.708,469,GMB,1,1
GMB,2018,3.1850123,52.299999,64.033997,450,GMB,1,1
GMB,2019,3.1453493,50.400002,64.427002,422,GMB,1,1
GMB,2020,4.0143695,48.599998,64.417999,400,GMB,1,1
GMB,2021,3.7432148,47,63.847,420,GMB,1,1
GMB,2022,3.5369773,45.299999,64.859001,365,GMB,1,1
GNB,2000,4.1895323,174.8,50.564999,1295,GNB,1,1
GNB,2001,4.1289153,169.3,51.054001,1222,GNB,1,1
GNB,2002,3.8728001,163.60001,51.608002,1141,GNB,1,1
GNB,2003,3.5020142,157.7,52.186001,1069,GNB,1,1
GNB,2004,4.2707019,151.60001,52.799999,980,GNB,1,1
GNB,2005,4.5346251,145.3,52.949001,956,GNB,1,1
GNB,2006,5.0782619,139.10001,54.089001,831,GNB,1,1
GNB,2007,4.925734,132.8,54.869999,792,GNB,1,1
GNB,2008,5.3523979,126.5,55.299999,802,GNB,1,1
GNB,2009,4.6106319,120.2,56.297001,753,GNB,1,1
GNB,2010,4.8713369,114.3,56.999001,698,GNB,1,1
GNB,2011,6.2163482,108.6,57.662998,678,GNB,1,1
GNB,2012,5.9413481,103.6,58.27,704,GNB,1,1
GNB,2013,7.0394344,99.099998,58.879002,707,GNB,1,1
GNB,2014,9.9689741,95.199997,59.476002,662,GNB,1,1
GNB,2015,8.1322823,91.599998,60.070999,631,GNB,1,1
GNB,2016,8.3288145,88.199997,60.618999,617,GNB,1,1
GNB,2017,7.0004954,85.099998,61.147999,597,GNB,1,1
GNB,2018,7.2816496,82.199997,61.652,585,GNB,1,1
GNB,2019,7.1460209,79.5,62.160999,598,GNB,1,1
GNB,2020,8.9889879,76.699997,61.342999,603,GNB,1,1
GNB,2021,8.3979492,74.300003,61.653,617,GNB,1,1
GNB,2022,8.3375273,72,63.605,539,GNB,1,1
GNQ,2000,1.222602,154.5,53.395,406,GNQ,1,1
GNQ,2001,1.325593,150.2,53.827,388,GNQ,1,1
GNQ,2002,2.8873007,145.89999,54.324001,364,GNQ,1,1
GNQ,2003,1.9718534,141.5,54.791,343,GNQ,1,1
GNQ,2004,1.584636,137,55.306999,323,GNQ,1,1
GNQ,2005,1.4204873,132.3,55.765999,312,GNQ,1,1
GNQ,2006,1.4121786,127.4,56.354,299,GNQ,1,1
GNQ,2007,1.4208068,122.6,56.856998,289,GNQ,1,1
GNQ,2008,1.2333322,118,57.383999,276,GNQ,1,1
GNQ,2009,1.8738989,113.5,57.881001,267,GNQ,1,1
GNQ,2010,1.7336366,109.4,58.344002,259,GNQ,1,1
GNQ,2011,1.5430961,105.6,58.827,254,GNQ,1,1
GNQ,2012,1.6229031,102,59.300999,245,GNQ,1,1
GNQ,2013,1.7562275,98.599998,59.784,236,GNQ,1,1
GNQ,2014,1.868559,95.300003,60.228001,227,GNQ,1,1
GNQ,2015,2.4569342,92.099998,60.634998,222,GNQ,1,1
GNQ,2016,2.9717748,89,61.081001,216,GNQ,1,1
GNQ,2017,2.8612163,86.099998,61.480999,212,GNQ,1,1
GNQ,2018,2.9221482,83.199997,61.915001,204,GNQ,1,1
GNQ,2019,3.2794883,80.699997,62.297001,198,GNQ,1,1
GNQ,2020,3.7056072,77.900002,62.140999,196,GNQ,1,1
GNQ,2021,3.5103004,75.099998,62.446999,202,GNQ,1,1
GNQ,2022,2.8372636,72.800003,63.355,183,GNQ,1,1
KEN,2000,3.6245143,95.199997,56.084,206,KEN,1,1
KEN,2001,3.7400231,90.5,56.500999,188,KEN,1,1
KEN,2002,3.8215947,85.599998,56.758999,182,KEN,1,1
KEN,2003,4.0336571,80.800003,57.368999,177,KEN,1,1
KEN,2004,4.2115951,76.099998,57.946999,177,KEN,1,1
KEN,2005,4.2174139,71.199997,58.509998,178,KEN,1,1
KEN,2006,5.0134387,66.800003,59.058998,188,KEN,1,1
KEN,2007,5.1235847,62.900002,59.407001,198,KEN,1,1
KEN,2008,5.190506,58,59.955002,197,KEN,1,1
KEN,2009,5.2917295,55.200001,60.483002,208,KEN,1,1
KEN,2010,5.3884983,53.099998,60.915001,210,KEN,1,1
KEN,2011,5.2021284,51.700001,61.283001,209,KEN,1,1
KEN,2012,5.0180583,50.700001,61.536999,214,KEN,1,1
KEN,2013,4.931004,49.400002,61.729,206,KEN,1,1
KEN,2014,4.9126735,48.299999,61.990002,203,KEN,1,1
KEN,2015,4.7643957,46.799999,62.278999,203,KEN,1,1
KEN,2016,4.7542911,45.5,62.526001,196,KEN,1,1
KEN,2017,3.985975,44.700001,62.724998,186,KEN,1,1
KEN,2018,4.0990338,43.700001,62.825001,183,KEN,1,1
KEN,2019,4.3687468,42.700001,62.938999,176,KEN,1,1
KEN,2020,4.4924889,42.099998,61.596001,184,KEN,1,1
KEN,2021,4.5699272,41.299999,61.224998,183,KEN,1,1
KEN,2022,4.3224187,40.5,63.549,155,KEN,1,1
LBR,2000,2.6921539,194.89999,51.852001,786,LBR,1,1
LBR,2001,2.1558104,181.7,53.109001,720,LBR,1,1
LBR,2002,2.1646292,168.60001,54.061001,700,LBR,1,1
LBR,2003,2.5184748,156.2,53.044998,759,LBR,1,1
LBR,2004,5.9050965,144.8,55.949001,645,LBR,1,1
LBR,2005,6.6949735,134.89999,56.764999,619,LBR,1,1
LBR,2006,5.7742658,126.5,57.494999,647,LBR,1,1
LBR,2007,4.3288493,119.6,58.146999,659,LBR,1,1
LBR,2008,5.9961572,114,58.674999,663,LBR,1,1
LBR,2009,8.9851484,109.5,59.105999,674,LBR,1,1
LBR,2010,8.4386024,105.7,59.358002,712,LBR,1,1
LBR,2011,8.5839958,102.4,59.486,726,LBR,1,1
LBR,2012,7.6298718,99.5,59.785,728,LBR,1,1
LBR,2013,7.1561041,97,59.992001,725,LBR,1,1
LBR,2014,8.0981789,97,59.209999,801,LBR,1,1
LBR,2015,10.382444,93.199997,59.248001,784,LBR,1,1
LBR,2016,9.8851452,91.5,60.483002,690,LBR,1,1
LBR,2017,9.9108744,90.300003,60.777,703,LBR,1,1
LBR,2018,10.435279,89.400002,60.999001,707,LBR,1,1
LBR,2019,8.3832598,88.699997,61.231998,689,LBR,1,1
LBR,2020,12.905043,88.300003,61.266998,664,LBR,1,1
LBR,2021,13.27176,88,61.166,667,LBR,1,1
LBR,2022,13.588197,87.800003,61.933998,634,LBR,1,1
LBY,2000,3.3190851,28.1,70.542,71,LBY,1,1
LBY,2001,3.9257162,27.299999,70.653,71,LBY,1,1
LBY,2002,4.738183,26.5,70.788002,69,LBY,1,1
LBY,2003,3.9730124,25.5,70.996002,68,LBY,1,1
LBY,2004,3.3832819,24.4,71.209999,67,LBY,1,1
LBY,2005,2.5170715,23.1,71.439003,66,LBY,1,1
LBY,2006,2.2999644,21.700001,71.632004,66,LBY,1,1
LBY,2007,2.4192963,20.200001,71.788002,67,LBY,1,1
LBY,2008,2.2444189,18.799999,71.935997,68,LBY,1,1
LBY,2009,3.5828805,17.6,72.070999,70,LBY,1,1
LBY,2010,3.2806444,16.6,72.195999,71,LBY,1,1
LBY,2011,4.0190201,19.6,69.949997,81,LBY,1,1
LBY,2012,3.956121,15,72.188004,74,LBY,1,1
LBY,2013,4.9754863,14.4,72.338997,75,LBY,1,1
LBY,2014,5.1777782,13.8,71.300003,77,LBY,1,1
LBY,2015,5.8063865,13.3,71.643997,76,LBY,1,1
LBY,2016,6.1717868,12.8,71.799004,74,LBY,1,1
LBY,2017,4.6768532,12.4,72.721001,69,LBY,1,1
LBY,2018,4.8664842,11.9,73.151001,66,LBY,1,1
LBY,2019,5.5477343,11.6,72.941002,65,LBY,1,1
LBY,2020,7.1067405,11.2,72.388,71,LBY,1,1
LBY,2021,6.0545745,10.8,72.061996,98,LBY,1,1
LBY,2022,4.7443361,10.4,74.461998,60,LBY,1,1
LSO,2000,5.1563339,108.3,48.783001,413,LSO,1,1
LSO,2001,6.5907569,110.3,47.153,465,LSO,1,1
LSO,2002,5.8607502,112.1,45.950001,484,LSO,1,1
LSO,2003,5.3375483,113.2,44.921001,508,LSO,1,1
LSO,2004,5.2465854,113.9,44.039001,499,LSO,1,1
LSO,2005,4.6745267,114.6,43.611,549,LSO,1,1
LSO,2006,5.405324,114.7,43.181999,696,LSO,1,1
LSO,2007,7.2225184,111.9,43.66,891,LSO,1,1
LSO,2008,7.666482,111.6,44.304001,1205,LSO,1,1
LSO,2009,8.9529829,99.099998,45.055,1387,LSO,1,1
LSO,2010,7.4048481,90.900002,46.044998,1311,LSO,1,1
LSO,2011,8.9948711,85.199997,46.93,1210,LSO,1,1
LSO,2012,9.9860134,81.400002,48.235001,1000,LSO,1,1
LSO,2013,10.97986,79.300003,49.547001,855,LSO,1,1
LSO,2014,9.9882393,77.599998,50.785999,707,LSO,1,1
LSO,2015,9.2528048,75.099998,51.830002,594,LSO,1,1
LSO,2016,9.197443,71.400002,52.908001,518,LSO,1,1
LSO,2017,10.529566,70.099998,53.874001,468,LSO,1,1
LSO,2018,11.126373,68.800003,54.638,491,LSO,1,1
LSO,2019,21.923731,68.099998,55.249001,467,LSO,1,1
LSO,2020,10.408369,66.300003,55.132999,529,LSO,1,1
LSO,2021,10.661657,64,54.209,577,LSO,1,1
LSO,2022,12.895692,62,56.812,477,LSO,1,1
MAR,2000,3.6930459,52.400002,66.793999,271,MAR,1,1
MAR,2001,3.8160119,50.200001,67.199997,254,MAR,1,1
MAR,2002,4.0611753,48,67.582001,238,MAR,1,1
MAR,2003,4.0803752,45.799999,67.958,224,MAR,1,1
MAR,2004,4.232111,43.599998,68.272003,213,MAR,1,1
MAR,2005,4.3735065,41.400002,68.748001,196,MAR,1,1
MAR,2006,4.5658665,39.200001,69.156998,182,MAR,1,1
MAR,2007,4.80759,36.900002,69.620003,169,MAR,1,1
MAR,2008,4.8378916,34.799999,70.051003,158,MAR,1,1
MAR,2009,5.2731218,32.799999,70.454002,148,MAR,1,1
MAR,2010,5.4186106,30.9,70.820999,140,MAR,1,1
MAR,2011,5.370194,29.200001,71.263,130,MAR,1,1
MAR,2012,5.3961902,27.5,71.674004,121,MAR,1,1
MAR,2013,5.2554054,26,72.116997,113,MAR,1,1
MAR,2014,5.416266,24.5,72.522003,106,MAR,1,1
MAR,2015,5.1043558,23.1,72.893997,100,MAR,1,1
MAR,2016,5.0920339,21.9,73.227997,94,MAR,1,1
MAR,2017,4.9892039,20.799999,73.608002,88,MAR,1,1
MAR,2018,4.9451666,19.9,73.945999,83,MAR,1,1
MAR,2019,5.020401,19.1,74.245003,79,MAR,1,1
MAR,2020,5.7893949,18.299999,73.133003,81,MAR,1,1
MAR,2021,5.453145,17.6,73.385002,92,MAR,1,1
MAR,2022,5.75281,17,75.161003,71,MAR,1,1
MDG,2000,3.9917762,104.4,57.973999,638,MDG,1,1
MDG,2001,4.1151385,99.800003,58.674,611,MDG,1,1
MDG,2002,4.9286695,95.599998,59.169998,593,MDG,1,1
MDG,2003,5.0027657,91.599998,59.693001,571,MDG,1,1
MDG,2004,5.2509003,87.800003,60.167999,555,MDG,1,1
MDG,2005,5.2155781,84.099998,60.664001,540,MDG,1,1
MDG,2006,5.0720387,80.800003,61.139999,528,MDG,1,1
MDG,2007,4.6086578,77.599998,61.533001,522,MDG,1,1
MDG,2008,4.0811181,74.800003,61.992001,510,MDG,1,1
MDG,2009,4.3846984,72.400002,62.304001,507,MDG,1,1
MDG,2010,4.6976266,70.300003,62.597,500,MDG,1,1
MDG,2011,4.521595,68.599998,62.860001,492,MDG,1,1
MDG,2012,3.9110591,67.300003,63.007,487,MDG,1,1
MDG,2013,3.7515631,66.400002,63.160999,481,MDG,1,1
MDG,2014,4.4624028,65.699997,63.261002,477,MDG,1,1
MDG,2015,5.0062542,65.300003,63.362,474,MDG,1,1
MDG,2016,5.3324885,64.900002,63.431,470,MDG,1,1
MDG,2017,4.8022594,64.900002,63.432999,469,MDG,1,1
MDG,2018,4.2216039,64.900002,63.491001,466,MDG,1,1
MDG,2019,3.1012931,65,63.504002,462,MDG,1,1
MDG,2020,3.7231612,65.099998,62.706001,447,MDG,1,1
MDG,2021,3.5533555,65,62.515999,467,MDG,1,1
MDG,2022,3.1494806,64.5,63.068001,439,MDG,1,1
MLI,2000,5.4663372,189.89999,50.605,741,MLI,1,1
MLI,2001,4.5195208,183.89999,51.299999,694,MLI,1,1
MLI,2002,4.9977598,177.7,51.994999,649,MLI,1,1
MLI,2003,5.0506144,171.7,52.632,616,MLI,1,1
MLI,2004,5.2176871,165.8,53.252998,592,MLI,1,1
MLI,2005,5.1951728,160.10001,53.792,577,MLI,1,1
MLI,2006,5.4559021,154.60001,54.305,568,MLI,1,1
MLI,2007,5.2530427,149.2,54.756001,574,MLI,1,1
MLI,2008,5.0268807,144,55.187,573,MLI,1,1
MLI,2009,5.2122569,138.89999,55.588001,565,MLI,1,1
MLI,2010,4.6786714,133.8,55.993,558,MLI,1,1
MLI,2011,4.0148501,128.8,56.367001,553,MLI,1,1
MLI,2012,3.7521801,123.9,56.695999,549,MLI,1,1
MLI,2013,3.9640858,119.1,57.051998,525,MLI,1,1
MLI,2014,4.4815831,114.4,57.481998,507,MLI,1,1
MLI,2015,4.1114335,109.7,57.852001,490,MLI,1,1
MLI,2016,3.7737756,105.1,58.285999,472,MLI,1,1
MLI,2017,3.6742575,100.6,58.562,453,MLI,1,1
MLI,2018,3.732511,96.199997,58.873001,434,MLI,1,1
MLI,2019,3.829438,91.900002,59.216999,416,MLI,1,1
MLI,2020,3.5062337,87.599998,58.858002,405,MLI,1,1
MLI,2021,3.5431867,83.599998,59.116001,415,MLI,1,1
MLI,2022,3.7217011,79.699997,60.035,381,MLI,1,1
MOZ,2000,2.1425304,164.60001,49.476002,547,MOZ,1,1
MOZ,2001,2.8009822,155.7,50.258999,473,MOZ,1,1
MOZ,2002,3.1865265,147.5,50.879002,398,MOZ,1,1
MOZ,2003,3.2509537,139.8,51.382999,360,MOZ,1,1
MOZ,2004,3.5306265,132.5,51.855,321,MOZ,1,1
MOZ,2005,4.2143564,125.7,52.321999,301,MOZ,1,1
MOZ,2006,3.9455903,118.8,52.748001,298,MOZ,1,1
MOZ,2007,3.7995555,110.7,53.255001,327,MOZ,1,1
MOZ,2008,4.1349683,104.4,53.799,365,MOZ,1,1
MOZ,2009,5.0556235,98.300003,54.400002,352,MOZ,1,1
MOZ,2010,5.2924967,95.599998,55.040001,305,MOZ,1,1
MOZ,2011,4.9217639,91.099998,55.733002,268,MOZ,1,1
MOZ,2012,5.140357,86.5,56.459999,218,MOZ,1,1
MOZ,2013,6.0455604,82.900002,57.188999,196,MOZ,1,1
MOZ,2014,6.2401304,79.699997,57.965,210,MOZ,1,1
MOZ,2015,6.6097288,75.800003,58.710999,216,MOZ,1,1
MOZ,2016,7.2150187,73.300003,59.455002,202,MOZ,1,1
MOZ,2017,7.8053217,72,60.147999,187,MOZ,1,1
MOZ,2018,7.9790335,70.199997,60.790001,159,MOZ,1,1
MOZ,2019,7.9020743,68.599998,61.306,134,MOZ,1,1
MOZ,2020,7.5519004,67.599998,61.389999,123,MOZ,1,1
MOZ,2021,8.6484137,65.5,60.268002,180,MOZ,1,1
MOZ,2022,8.2486811,63.900002,63.011002,104,MOZ,1,1
MRT,2000,3.3782465,98,61.043999,644,MRT,1,1
MRT,2001,3.5718379,93.400002,61.661999,616,MRT,1,1
MRT,2002,4.0022497,88.199997,62.249001,590,MRT,1,1
MRT,2003,4.0325465,82.800003,62.805,571,MRT,1,1
MRT,2004,3.7042949,77.5,63.368999,557,MRT,1,1
MRT,2005,3.4031265,72.5,63.919998,536,MRT,1,1
MRT,2006,2.7025275,68.099998,64.492996,521,MRT,1,1
MRT,2007,2.87644,64.300003,64.885002,516,MRT,1,1
MRT,2008,3.0133898,61.299999,65.233002,506,MRT,1,1
MRT,2009,3.1103404,58.799999,65.485001,500,MRT,1,1
MRT,2010,2.6361892,56.799999,65.661003,499,MRT,1,1
MRT,2011,2.4738367,55.099998,65.753998,494,MRT,1,1
MRT,2012,2.6491933,53.5,65.807999,496,MRT,1,1
MRT,2013,2.8679988,52.099998,65.889999,496,MRT,1,1
MRT,2014,3.4672439,50.599998,66.207001,484,MRT,1,1
MRT,2015,3.6736376,49.099998,66.498001,469,MRT,1,1
MRT,2016,3.186995,47.700001,66.822998,456,MRT,1,1
MRT,2017,3.4194756,46.200001,67.087997,450,MRT,1,1
MRT,2018,2.8836255,44.700001,67.418999,437,MRT,1,1
MRT,2019,3.0917659,43.400002,67.639999,424,MRT,1,1
MRT,2020,3.0014784,42,66.793999,413,MRT,1,1
MRT,2021,3.7802253,40.700001,66.762001,425,MRT,1,1
MRT,2022,4.6696267,39.400002,68.280998,385,MRT,1,1
MUS,2000,2.8573465,18.799999,71.663414,43,MUS,1,1
MUS,2001,2.9215186,17.5,71.765854,42,MUS,1,1
MUS,2002,3.1889727,16.6,71.965851,42,MUS,1,1
MUS,2003,3.1820161,16,72.117073,42,MUS,1,1
MUS,2004,3.3165255,15.7,72.265854,43,MUS,1,1
MUS,2005,3.5179403,15.6,72.432198,43,MUS,1,1
MUS,2006,3.6057365,15.4,72.432198,45,MUS,1,1
MUS,2007,3.5232167,15.2,72.570732,46,MUS,1,1
MUS,2008,3.9389651,15,72.570732,48,MUS,1,1
MUS,2009,4.1703563,14.9,72.882439,51,MUS,1,1
MUS,2010,4.5189829,14.8,72.967316,53,MUS,1,1
MUS,2011,4.2505965,14.9,73.26683,55,MUS,1,1
MUS,2012,4.219934,15,73.863411,55,MUS,1,1
MUS,2013,4.620821,14.9,74.017075,58,MUS,1,1
MUS,2014,5.3802466,14.7,74.194389,60,MUS,1,1
MUS,2015,5.5504236,14.5,74.353172,61,MUS,1,1
MUS,2016,5.5428953,14.6,74.394875,62,MUS,1,1
MUS,2017,5.5985727,15,74.514633,66,MUS,1,1
MUS,2018,5.6031022,15.4,74.416344,67,MUS,1,1
MUS,2019,5.6950817,15.7,74.235855,67,MUS,1,1
MUS,2020,6.0960603,15.8,74.177071,58,MUS,1,1
MUS,2021,6.6160841,15.7,73.680244,80,MUS,1,1
MUS,2022,5.8420973,15.5,73.514633,61,MUS,1,1
MWI,2000,2.3524752,171,46.169998,506,MWI,1,1
MWI,2001,2.0604005,239,47.205002,447,MWI,1,1
MWI,2002,2.6972597,143.2,48.175999,404,MWI,1,1
MWI,2003,3.3201981,130,49.601002,346,MWI,1,1
MWI,2004,4.0719991,118.7,51.073002,304,MWI,1,1
MWI,2005,4.3004651,109.7,52.469002,283,MWI,1,1
MWI,2006,4.9122329,102.7,53.652,286,MWI,1,1
MWI,2007,5.4425836,96.900002,54.687,333,MWI,1,1
MWI,2008,6.106688,91,55.715,430,MWI,1,1
MWI,2009,5.8733382,85.300003,56.714001,512,MWI,1,1
MWI,2010,5.1430478,80.099998,57.786999,517,MWI,1,1
MWI,2011,5.3222666,74,58.859001,486,MWI,1,1
MWI,2012,6.0219979,67.900002,59.869999,447,MWI,1,1
MWI,2013,8.2237949,62.900002,60.816002,410,MWI,1,1
MWI,2014,6.8977618,60,61.651001,367,MWI,1,1
MWI,2015,6.6287909,57.400002,62.324001,354,MWI,1,1
MWI,2016,7.7270379,55.799999,63.162998,312,MWI,1,1
MWI,2017,7.5843892,53.799999,63.914001,284,MWI,1,1
MWI,2018,6.8824992,52,64.463997,267,MWI,1,1
MWI,2019,6.3702173,51.299999,64.995003,260,MWI,1,1
MWI,2020,7.0385957,50.400002,65.216003,256,MWI,1,1
MWI,2021,7.5164628,50,64.781998,286,MWI,1,1
MWI,2022,6.6252761,50.099998,66.037003,239,MWI,1,1
NAM,2000,10.045453,78.199997,52.945999,384,NAM,1,1
NAM,2001,10.465676,77.599998,51.98,376,NAM,1,1
NAM,2002,10.478712,76.599998,51.987999,313,NAM,1,1
NAM,2003,10.744746,75.599998,51.917999,290,NAM,1,1
NAM,2004,10.885438,74.400002,52.174999,282,NAM,1,1
NAM,2005,10.825065,71,52.556999,344,NAM,1,1
NAM,2006,11.3029,66,53.182999,408,NAM,1,1
NAM,2007,11.413729,62,54.026001,489,NAM,1,1
NAM,2008,10.67727,57.5,54.740002,537,NAM,1,1
NAM,2009,9.9043531,53.200001,55.347,547,NAM,1,1
NAM,2010,10.622789,50.299999,56.092999,531,NAM,1,1
NAM,2011,10.860683,50,56.646999,498,NAM,1,1
NAM,2012,10.203602,52.599998,57.733002,439,NAM,1,1
NAM,2013,10.088876,50.799999,58.467999,402,NAM,1,1
NAM,2014,8.4089098,50,59.311001,369,NAM,1,1
NAM,2015,9.9810629,51.799999,60.007999,307,NAM,1,1
NAM,2016,9.3223104,51.400002,60.810001,250,NAM,1,1
NAM,2017,8.7134848,49.799999,61.660999,213,NAM,1,1
NAM,2018,8.6214828,48.5,62.578999,198,NAM,1,1
NAM,2019,8.858058,46.599998,63.546001,175,NAM,1,1
NAM,2020,9.5606022,44.799999,64.070999,143,NAM,1,1
NAM,2021,10.196447,43.200001,60.849998,254,NAM,1,1
NAM,2022,9.6219883,41.599998,64.190002,127,NAM,1,1
NER,2000,4.658915,227.89999,49.172001,845,NER,1,1
NER,2001,4.7265935,217.39999,49.872002,843,NER,1,1
NER,2002,4.8271704,205.89999,50.645,835,NER,1,1
NER,2003,4.7474065,194.10001,51.544998,813,NER,1,1
NER,2004,4.9781833,182.39999,52.402,790,NER,1,1
NER,2005,5.8774962,171.39999,53.32,764,NER,1,1
NER,2006,5.9933558,161.60001,54.223,737,NER,1,1
NER,2007,5.4310589,153.10001,55.063,704,NER,1,1
NER,2008,5.2464061,146,55.852001,669,NER,1,1
NER,2009,5.3385015,140.3,56.487,647,NER,1,1
NER,2010,4.9610047,136,57.080002,621,NER,1,1
NER,2011,4.8732386,132.7,57.599998,585,NER,1,1
NER,2012,4.3073268,130.3,57.987,554,NER,1,1
NER,2013,4.4663601,128.3,58.363998,526,NER,1,1
NER,2014,4.4537716,126.8,58.693001,497,NER,1,1
NER,2015,5.3474593,125.4,58.849998,473,NER,1,1
NER,2016,4.5323906,124.3,59.228001,450,NER,1,1
NER,2017,5.5760961,123.1,59.523998,433,NER,1,1
NER,2018,5.3031082,121.9,59.764999,420,NER,1,1
NER,2019,5.6664209,120.8,60.030998,406,NER,1,1
NER,2020,6.1701226,119.5,59.889999,388,NER,1,1
NER,2021,5.8145275,118,59.542,396,NER,1,1
NER,2022,4.3498049,116,60.397999,361,NER,1,1
NGA,2000,3.1973834,177.3,47.143002,1136,NGA,1,1
NGA,2001,3.1894686,170.5,47.549,1130,NGA,1,1
NGA,2002,2.4906397,163.89999,48.02,1117,NGA,1,1
NGA,2003,5.0536098,157.39999,48.618,1090,NGA,1,1
NGA,2004,4.6336842,151.39999,49.147999,1075,NGA,1,1
NGA,2005,4.4659195,145.8,49.537998,1060,NGA,1,1
NGA,2006,4.2577515,140.89999,49.875999,1067,NGA,1,1
NGA,2007,3.9099724,136.5,50.381001,1063,NGA,1,1
NGA,2008,3.6958153,132.5,50.748001,1081,NGA,1,1
NGA,2009,3.5801971,129.2,51.080002,1088,NGA,1,1
NGA,2010,3.2965329,126.3,51.314999,1094,NGA,1,1
NGA,2011,3.3207793,123.8,51.490002,1108,NGA,1,1
NGA,2012,3.3598425,121.6,51.688,1124,NGA,1,1
NGA,2013,3.4206934,119.9,51.827,1146,NGA,1,1
NGA,2014,3.3484042,118.7,51.939999,1155,NGA,1,1
NGA,2015,3.5819499,117.8,51.938999,1168,NGA,1,1
NGA,2016,3.6477368,117.4,52.188999,1155,NGA,1,1
NGA,2017,3.7476251,117.2,52.396999,1142,NGA,1,1
NGA,2018,3.0906935,117.2,52.668999,1118,NGA,1,1
NGA,2019,2.9854705,117.4,53.008999,1091,NGA,1,1
NGA,2020,3.3806343,117.4,53.071999,1065,NGA,1,1
NGA,2021,4.0762572,117.6,53.455002,1046,NGA,1,1
NGA,2022,4.2102017,117.5,54.078999,1016,NGA,1,1
RWA,2000,3.5758343,184.2,47.798,885,RWA,1,1
RWA,2001,3.3159997,166.5,49.490002,769,RWA,1,1
RWA,2002,3.1278729,149.10001,51.262001,677,RWA,1,1
RWA,2003,6.9288874,132.7,53.528999,551,RWA,1,1
RWA,2004,7.5085697,117.5,55.52,460,RWA,1,1
RWA,2005,7.7199702,104.5,56.967999,465,RWA,1,1
RWA,2006,7.6051197,93.400002,58.341999,494,RWA,1,1
RWA,2007,7.8626223,84.099998,59.504002,494,RWA,1,1
RWA,2008,7.5597191,76,60.640999,454,RWA,1,1
RWA,2009,7.7995138,69.099998,61.813,418,RWA,1,1
RWA,2010,8.0818548,63.299999,62.804001,393,RWA,1,1
RWA,2011,7.9323378,58.099998,63.476002,358,RWA,1,1
RWA,2012,8.1021471,54.200001,64.189003,331,RWA,1,1
RWA,2013,6.7738876,51.400002,64.651001,317,RWA,1,1
RWA,2014,6.9844899,49.200001,65.087997,301,RWA,1,1
RWA,2015,6.6506128,47.299999,65.418999,292,RWA,1,1
RWA,2016,5.968925,45.799999,65.733002,278,RWA,1,1
RWA,2017,5.3762383,44.700001,66.139999,275,RWA,1,1
RWA,2018,5.4572282,43.700001,66.353996,269,RWA,1,1
RWA,2019,4.9147148,42.700001,66.691002,261,RWA,1,1
RWA,2020,5.7986226,41.599998,66.953003,252,RWA,1,1
RWA,2021,6.231472,40.599998,66.849998,254,RWA,1,1
RWA,2022,5.9284258,39.700001,67.528,234,RWA,1,1
SDN,2000,3.6066449,102,58.945999,645,SDN,1,1
SDN,2001,3.3645687,98.599998,59.264,616,SDN,1,1
SDN,2002,3.3001089,95.199997,59.307999,588,SDN,1,1
SDN,2003,3.8918793,91.900002,58.319,593,SDN,1,1
SDN,2004,4.1559348,101.1,56.772999,536,SDN,1,1
SDN,2005,4.0941815,98.800003,57.226002,506,SDN,1,1
SDN,2006,4.8854432,83,60.400002,485,SDN,1,1
SDN,2007,5.6626916,80.400002,61.442001,445,SDN,1,1
SDN,2008,5.4231358,77.900002,61.261002,426,SDN,1,1
SDN,2009,6.3949633,75.5,62.675999,382,SDN,1,1
SDN,2010,5.0581017,73.400002,62.979,370,SDN,1,1
SDN,2011,5.6157956,71.300003,63.181,357,SDN,1,1
SDN,2012,5.6882701,69.300003,63.426998,340,SDN,1,1
SDN,2013,6.9648747,67.300003,63.443001,327,SDN,1,1
SDN,2014,5.6761971,65.400002,63.990002,309,SDN,1,1
SDN,2015,5.8111258,63.5,64.375,298,SDN,1,1
SDN,2016,5.6843848,61.599998,64.677002,288,SDN,1,1
SDN,2017,5.9176741,59.700001,65.146004,277,SDN,1,1
SDN,2018,4.4617286,57.799999,65.500999,268,SDN,1,1
SDN,2019,4.5996757,56.099998,65.803001,262,SDN,1,1
SDN,2020,3.0432343,54.299999,65.124001,273,SDN,1,1
SDN,2021,2.9669323,52.700001,64.459999,305,SDN,1,1
SDN,2022,3.7941644,51,65.695,263,SDN,1,1
SEN,2000,3.5501537,128.89999,57.615002,581,SEN,1,1
SEN,2001,3.6814876,121.7,58.158001,560,SEN,1,1
SEN,2002,3.952944,113.2,58.911999,531,SEN,1,1
SEN,2003,4.2970357,104.2,59.473999,520,SEN,1,1
SEN,2004,4.568562,95.5,60.307999,501,SEN,1,1
SEN,2005,3.6746652,87.599998,60.98,488,SEN,1,1
SEN,2006,3.7633762,80.800003,61.800999,462,SEN,1,1
SEN,2007,3.4149659,75,62.653,457,SEN,1,1
SEN,2008,3.5068758,70.099998,63.201,463,SEN,1,1
SEN,2009,3.841573,66.099998,63.750999,441,SEN,1,1
SEN,2010,4.0276437,62.799999,64.221001,436,SEN,1,1
SEN,2011,4.2141671,60,64.799004,415,SEN,1,1
SEN,2012,4.26688,57.599998,65.228996,405,SEN,1,1
SEN,2013,4.385736,55.5,65.638,385,SEN,1,1
SEN,2014,4.3896227,53.700001,66.000999,373,SEN,1,1
SEN,2015,4.3778963,52.200001,66.450996,357,SEN,1,1
SEN,2016,4.2560687,50.799999,66.723999,345,SEN,1,1
SEN,2017,4.1635938,49.400002,67.058998,325,SEN,1,1
SEN,2018,4.4318209,47.900002,67.378998,305,SEN,1,1
SEN,2019,4.4953103,46.200001,67.667999,286,SEN,1,1
SEN,2020,5.1511917,44.200001,67.496002,252,SEN,1,1
SEN,2021,4.4425626,42.200001,66.867996,263,SEN,1,1
SEN,2022,4.0444808,40.099998,67.788002,228,SEN,1,1
SLE,2000,5.2908649,222.8,44.834,1603,SLE,1,1
SLE,2001,5.2218351,217.3,45.448002,1518,SLE,1,1
SLE,2002,5.5538883,211.60001,46.174,1492,SLE,1,1
SLE,2003,5.0621982,205.7,46.784,1433,SLE,1,1
SLE,2004,5.2379894,199.60001,47.485001,1366,SLE,1,1
SLE,2005,5.2300501,193.2,48.306,1294,SLE,1,1
SLE,2006,5.2991314,186.5,49.547001,1168,SLE,1,1
SLE,2007,5.3166299,179.60001,50.023998,1132,SLE,1,1
SLE,2008,5.6033258,172.39999,50.693001,1093,SLE,1,1
SLE,2009,6.2707548,165.2,51.312,1054,SLE,1,1
SLE,2010,5.6420474,157.89999,51.926998,1018,SLE,1,1
SLE,2011,6.6063676,150.8,52.594002,967,SLE,1,1
SLE,2012,5.9276419,144.10001,53.159,915,SLE,1,1
SLE,2013,8.4584503,137.89999,54.050999,842,SLE,1,1
SLE,2014,15.11887,135.89999,54.280998,821,SLE,1,1
SLE,2015,12.383123,136.8,55.453999,730,SLE,1,1
SLE,2016,10.054385,121.8,56.937,633,SLE,1,1
SLE,2017,6.0053205,117,57.761002,578,SLE,1,1
SLE,2018,5.2992744,112.4,59.058998,491,SLE,1,1
SLE,2019,5.7052846,108.3,59.592999,464,SLE,1,1
SLE,2020,5.6648974,104.4,59.694,422,SLE,1,1
SLE,2021,5.0724463,100.6,60.259998,403,SLE,1,1
SLE,2022,4.8037744,97.099998,61.275002,370,SLE,1,1
SOM,2000,,173.2,50.747002,1150,SOM,0,0
SOM,2001,,173.2,50.828999,1129,SOM,0,0
SOM,2002,,173.2,50.82,1121,SOM,0,0
SOM,2003,,173.2,50.721001,1111,SOM,0,0
SOM,2004,,173.2,50.685001,1104,SOM,0,0
SOM,2005,,173.2,50.894001,1086,SOM,0,0
SOM,2006,,172.60001,50.915001,1085,SOM,0,0
SOM,2007,,170.5,50.884998,1074,SOM,0,0
SOM,2008,,166.7,51.456001,1035,SOM,0,0
SOM,2009,,162.39999,52.101002,995,SOM,0,0
SOM,2010,,186.7,48.900002,1062,SOM,0,0
SOM,2011,,363.10001,32.452999,972,SOM,0,0
SOM,2012,,185.39999,49.138,894,SOM,0,0
SOM,2013,3.3695374,143.2,54.015999,855,SOM,1,1
SOM,2014,3.0205376,138.60001,54.442001,816,SOM,1,1
SOM,2015,2.9407451,134.3,55.056,784,SOM,1,1
SOM,2016,2.2842648,130.2,55.283001,754,SOM,1,1
SOM,2017,2.443481,156.39999,52.189999,716,SOM,1,1
SOM,2018,2.5087326,136.39999,54.766998,727,SOM,1,1
SOM,2019,2.4061725,118.4,57.249001,656,SOM,1,1
SOM,2020,2.4701052,114.7,57.095001,655,SOM,1,1
SOM,2021,2.7350917,111,55.702999,726,SOM,1,1
SOM,2022,2.8469162,143.10001,53.931,622,SOM,1,1
SSD,2000,,180.10001,47.591,1658,SSD,0,0
SSD,2001,,171.10001,48.549999,1580,SSD,0,0
SSD,2002,,162.2,49.394001,1521,SSD,0,0
SSD,2003,,153.7,52.324001,1199,SSD,0,0
SSD,2004,,145.8,53.051998,1150,SSD,0,0
SSD,2005,,138.39999,53.965,1074,SSD,0,0
SSD,2006,,131.5,54.653,1005,SSD,0,0
SSD,2007,,124.9,55.424999,933,SSD,0,0
SSD,2008,,118.7,56.279999,858,SSD,0,0
SSD,2009,,112.7,56.848,823,SSD,0,0
SSD,2010,,107.2,57.485001,776,SSD,0,0
SSD,2011,,102.3,57.674,770,SSD,0,0
SSD,2012,,98.900002,58.241001,755,SSD,0,0
SSD,2013,,97.199997,58.285,771,SSD,0,0
SSD,2014,,182.60001,45.625,1216,SSD,0,0
SSD,2015,,240.8,39.757,1436,SSD,0,0
SSD,2016,,272.89999,36.720001,1629,SSD,0,0
SSD,2017,22.113224,292,35.351002,1662,SSD,1,1
SSD,2018,11.695394,133.7,51.904999,913,SSD,1,1
SSD,2019,9.0657005,96.699997,58.129002,745,SSD,1,1
SSD,2020,9.3511667,96.699997,57.647999,729,SSD,1,1
SSD,2021,6.3011708,96.699997,57.047001,749,SSD,1,1
SSD,2022,6.5725431,96.699997,57.202999,704,SSD,1,1
STP,2000,9.3189278,82.199997,61.207001,180,STP,1,1
STP,2001,9.6400194,76.699997,61.5,178,STP,1,1
STP,2002,9.4986048,71.099998,61.826,179,STP,1,1
STP,2003,11.465274,65.699997,62.158001,178,STP,1,1
STP,2004,10.721177,60.5,62.560001,177,STP,1,1
STP,2005,10.351997,55.700001,62.433998,181,STP,1,1
STP,2006,7.1055965,51.099998,63.041,177,STP,1,1
STP,2007,7.0060859,46.900002,63.335999,174,STP,1,1
STP,2008,5.9700904,43.099998,63.448002,174,STP,1,1
STP,2009,5.75177,39.5,63.668999,172,STP,1,1
STP,2010,5.808279,36.200001,63.867001,170,STP,1,1
STP,2011,5.6516004,33.200001,64.122002,164,STP,1,1
STP,2012,7.0729966,30.4,64.504997,158,STP,1,1
STP,2013,8.940609,27.9,64.93,150,STP,1,1
STP,2014,7.9145212,25.5,65.477997,138,STP,1,1
STP,2015,6.5322685,23.299999,66.023003,128,STP,1,1
STP,2016,7.6021161,21.299999,66.563004,119,STP,1,1
STP,2017,7.4663138,19.6,67.073997,110,STP,1,1
STP,2018,5.9196029,18.200001,67.601997,100,STP,1,1
STP,2019,5.4807882,17.1,68.042999,95,STP,1,1
STP,2020,7.3204441,16.1,67.978996,92,STP,1,1
STP,2021,7.8588972,15.3,68.026001,98,STP,1,1
STP,2022,5.7744813,14.7,69.237,82,STP,1,1
SWZ,2000,4.6095176,112.5,47.626999,361,SWZ,1,1
SWZ,2001,5.1389537,115.7,46.344002,307,SWZ,1,1
SWZ,2002,5.5229831,117,45.380001,331,SWZ,1,1
SWZ,2003,6.378644,117.9,44.632,392,SWZ,1,1
SWZ,2004,6.8143249,118,43.905998,451,SWZ,1,1
SWZ,2005,7.3762336,117,43.958,529,SWZ,1,1
SWZ,2006,7.8256006,106.4,44.563,511,SWZ,1,1
SWZ,2007,7.9300413,100.3,45.16,647,SWZ,1,1
SWZ,2008,8.8579292,97.900002,45.853001,766,SWZ,1,1
SWZ,2009,8.6329222,92.400002,46.912998,855,SWZ,1,1
SWZ,2010,8.5912571,82.099998,48.331001,752,SWZ,1,1
SWZ,2011,8.4699726,67.599998,49.056999,765,SWZ,1,1
SWZ,2012,7.8204761,62.700001,50.714001,613,SWZ,1,1
SWZ,2013,7.4570341,59.700001,52.110001,491,SWZ,1,1
SWZ,2014,7.2559657,60,53.491001,369,SWZ,1,1
SWZ,2015,7.0585527,57.5,54.941002,283,SWZ,1,1
SWZ,2016,6.8204479,54.400002,56.228001,213,SWZ,1,1
SWZ,2017,6.9810371,53.599998,57.574001,151,SWZ,1,1
SWZ,2018,7.3193774,50.400002,58.707001,133,SWZ,1,1
SWZ,2019,8.4003382,51.5,59.849998,96,SWZ,1,1
SWZ,2020,7.0983777,50.5,59.862,102,SWZ,1,1
SWZ,2021,7.4055214,47.900002,58.228001,219,SWZ,1,1
SWZ,2022,7.2449131,47.299999,63.028,112,SWZ,1,1
SYC,2000,4.6107178,13.8,72.778046,45,SYC,1,1
SYC,2001,4.5476832,13.8,73.253662,43,SYC,1,1
SYC,2002,4.1956286,13.7,71.087807,45,SYC,1,1
SYC,2003,4.8607597,13.8,71.029266,47,SYC,1,1
SYC,2004,4.6662893,13.8,72.660973,52,SYC,1,1
SYC,2005,4.4460654,13.8,72.131706,50,SYC,1,1
SYC,2006,4.3319125,13.8,72.217072,51,SYC,1,1
SYC,2007,3.7931502,13.9,73.143906,52,SYC,1,1
SYC,2008,3.5151868,13.9,73.163414,51,SYC,1,1
SYC,2009,3.4358051,14,73.082924,51,SYC,1,1
SYC,2010,4.4014845,14.1,73.197563,50,SYC,1,1
SYC,2011,4.3553967,14.2,72.724388,50,SYC,1,1
SYC,2012,5.2896843,14.3,74.275612,49,SYC,1,1
SYC,2013,4.1912951,14.4,73.119514,48,SYC,1,1
SYC,2014,4.4360914,14.5,73.229271,46,SYC,1,1
SYC,2015,4.2442865,14.6,74.29512,46,SYC,1,1
SYC,2016,4.7134972,14.7,74.309753,47,SYC,1,1
SYC,2017,4.4766102,14.7,74.300003,47,SYC,1,1
SYC,2018,4.4170604,14.8,72.841461,49,SYC,1,1
SYC,2019,4.2526979,14.8,74.046341,48,SYC,1,1
SYC,2020,5.8370919,14.8,77.236588,51,SYC,1,1
SYC,2021,5.2088151,14.7,73.39756,74,SYC,1,1
SYC,2022,4.399097,14.5,74.509758,89,SYC,1,1
TCD,2000,4.2069755,182.39999,47.937,1208,TCD,1,1
TCD,2001,4.0803933,179,48.306,1204,TCD,1,1
TCD,2002,5.6025119,175.60001,48.360001,1199,TCD,1,1
TCD,2003,4.2469831,172.3,48.609001,1170,TCD,1,1
TCD,2004,4.2398286,168.8,48.687,1167,TCD,1,1
TCD,2005,3.7319691,165.39999,48.860001,1189,TCD,1,1
TCD,2006,3.7341726,161.8,48.747002,1220,TCD,1,1
TCD,2007,3.4719965,158.10001,49.209999,1240,TCD,1,1
TCD,2008,3.1635978,154.3,49.502998,1264,TCD,1,1
TCD,2009,3.3626013,150.5,49.827999,1285,TCD,1,1
TCD,2010,3.08811,146.7,50.106998,1284,TCD,1,1
TCD,2011,2.8558578,142.89999,50.425999,1264,TCD,1,1
TCD,2012,2.6730642,139.3,50.764999,1245,TCD,1,1
TCD,2013,2.9576604,135.8,51.050999,1216,TCD,1,1
TCD,2014,3.2970834,132.3,51.140999,1198,TCD,1,1
TCD,2015,3.4025393,128.7,51.32,1176,TCD,1,1
TCD,2016,3.7084248,125,51.603001,1133,TCD,1,1
TCD,2017,3.5102341,121.4,51.875,1085,TCD,1,1
TCD,2018,3.2893219,117.6,52.446999,1020,TCD,1,1
TCD,2019,3.3847163,114,52.993,958,TCD,1,1
TCD,2020,4.3521509,110.6,53.082001,877,TCD,1,1
TCD,2021,3.9722333,107.3,53.136002,869,TCD,1,1
TCD,2022,4.1582355,103.9,54.528,775,TCD,1,1
TGO,2000,3.33427,119.2,54.587002,496,TGO,1,1
TGO,2001,3.4422195,115.7,54.757,478,TGO,1,1
TGO,2002,3.4450235,112.2,55.043999,447,TGO,1,1
TGO,2003,3.4451392,108.8,55.312,431,TGO,1,1
TGO,2004,3.481319,105.5,55.608002,431,TGO,1,1
TGO,2005,3.9824204,102.4,55.931,434,TGO,1,1
TGO,2006,4.3096781,99.300003,56.153999,453,TGO,1,1
TGO,2007,3.6773443,96.5,56.395,448,TGO,1,1
TGO,2008,3.7407193,93.699997,56.662998,457,TGO,1,1
TGO,2009,3.9272676,90.900002,56.939999,471,TGO,1,1
TGO,2010,4.3328438,88.300003,57.240002,497,TGO,1,1
TGO,2011,4.3892708,85.599998,57.624001,501,TGO,1,1
TGO,2012,4.6436648,82.900002,57.952999,506,TGO,1,1
TGO,2013,4.7867026,80.199997,58.355999,500,TGO,1,1
TGO,2014,4.9047341,77.699997,58.776001,490,TGO,1,1
TGO,2015,6.247385,75.199997,59.23,470,TGO,1,1
TGO,2016,6.5855007,72.800003,59.676998,460,TGO,1,1
TGO,2017,6.5021048,70.400002,60.145,443,TGO,1,1
TGO,2018,6.1607366,68.099998,60.608002,435,TGO,1,1
TGO,2019,5.9126863,66,61.061001,416,TGO,1,1
TGO,2020,6.1892843,63.900002,61.139999,398,TGO,1,1
TGO,2021,5.6165967,62,61.337002,397,TGO,1,1
TGO,2022,6.2409406,60,62.292,362,TGO,1,1
TUN,2000,4.8127193,29.200001,72.603996,56,TUN,1,1
TUN,2001,4.8613276,27.200001,72.821999,55,TUN,1,1
TUN,2002,5.1203642,25.5,73.07,53,TUN,1,1
TUN,2003,5.2088852,24,73.304001,52,TUN,1,1
TUN,2004,5.1989079,22.700001,73.518997,50,TUN,1,1
TUN,2005,5.1455579,21.6,73.711998,49,TUN,1,1
TUN,2006,5.1310992,20.700001,73.888,48,TUN,1,1
TUN,2007,5.1754284,20,74.039001,46,TUN,1,1
TUN,2008,5.1644063,19.4,74.192001,45,TUN,1,1
TUN,2009,5.4059529,19,74.32,44,TUN,1,1
TUN,2010,5.6095076,18.700001,74.438004,44,TUN,1,1
TUN,2011,6.122993,18.5,74.471001,44,TUN,1,1
TUN,2012,6.2898474,18.4,74.598999,43,TUN,1,1
TUN,2013,6.5139499,18.299999,74.674004,43,TUN,1,1
TUN,2014,6.4500608,18.299999,74.783997,42,TUN,1,1
TUN,2015,6.2133994,18.200001,74.875,40,TUN,1,1
TUN,2016,6.2477818,18.1,75.007004,39,TUN,1,1
TUN,2017,6.1855745,17.9,75.177002,38,TUN,1,1
TUN,2018,5.9375186,17.5,75.370003,38,TUN,1,1
TUN,2019,6.0246124,16.9,75.598999,37,TUN,1,1
TUN,2020,7.0561261,16,75.003998,40,TUN,1,1
TUN,2021,7.3418398,15,72.892998,65,TUN,1,1
TUN,2022,7.5127072,13.9,76.050003,38,TUN,1,1
TZA,2000,3.4152994,128,53.243999,568,TZA,1,1
TZA,2001,4.235517,120.3,54.124001,493,TZA,1,1
TZA,2002,4.6890764,112.4,54.939999,454,TZA,1,1
TZA,2003,5.3423147,105,55.929001,397,TZA,1,1
TZA,2004,5.7373414,98.300003,56.835999,365,TZA,1,1
TZA,2005,6.3228254,92.199997,57.674999,350,TZA,1,1
TZA,2006,7.598279,86.699997,58.512001,366,TZA,1,1
TZA,2007,6.8842797,81.300003,59.259998,453,TZA,1,1
TZA,2008,5.5570474,76.599998,59.896,511,TZA,1,1
TZA,2009,5.0630636,72,60.493999,502,TZA,1,1
TZA,2010,5.2239218,68.199997,61.126999,486,TZA,1,1
TZA,2011,5.0559845,64.599998,61.618,475,TZA,1,1
TZA,2012,5.0177937,61.700001,62.285999,448,TZA,1,1
TZA,2013,4.6464338,59,62.787998,479,TZA,1,1
TZA,2014,4.0149207,56.299999,63.363998,454,TZA,1,1
TZA,2015,3.6496994,54.299999,63.928001,433,TZA,1,1
TZA,2016,3.9635034,52,64.403999,396,TZA,1,1
TZA,2017,4.0232573,49.799999,64.962997,345,TZA,1,1
TZA,2018,4.3277583,47.599998,65.487999,319,TZA,1,1
TZA,2019,4.0234776,45.599998,66.007004,292,TZA,1,1
TZA,2020,3.0502868,43.799999,66.771004,160,TZA,1,1
TZA,2021,3.4696333,41.700001,66.130997,162,TZA,1,1
TZA,2022,3.134975,40.099998,66.878998,152,TZA,1,1
UGA,2000,5.0827775,143.89999,49.639999,475,UGA,1,1
UGA,2001,5.052084,137.2,50.576,440,UGA,1,1
UGA,2002,4.771369,129.89999,51.443001,416,UGA,1,1
UGA,2003,4.2991581,122.1,52.414001,395,UGA,1,1
UGA,2004,4.700222,114.2,53.699001,384,UGA,1,1
UGA,2005,5.8051629,106.5,54.925999,417,UGA,1,1
UGA,2006,6.463305,99.199997,56.118,409,UGA,1,1
UGA,2007,6.11309,92.5,57.248001,345,UGA,1,1
UGA,2008,5.4547496,86.400002,58.252998,324,UGA,1,1
UGA,2009,5.7884555,81.199997,59.157001,322,UGA,1,1
UGA,2010,6.8089023,76,59.959,304,UGA,1,1
UGA,2011,6.6959095,70.900002,60.791,295,UGA,1,1
UGA,2012,6.1085396,66.5,61.578999,285,UGA,1,1
UGA,2013,5.7825241,62.799999,62.353001,308,UGA,1,1
UGA,2014,5.3365307,60.200001,63.056999,311,UGA,1,1
UGA,2015,4.9964314,57.900002,63.831001,299,UGA,1,1
UGA,2016,5.015533,55.599998,64.494003,272,UGA,1,1
UGA,2017,3.9985204,54,65.174004,246,UGA,1,1
UGA,2018,4.021534,52.700001,65.775002,232,UGA,1,1
UGA,2019,3.7934136,51.599998,66.353996,219,UGA,1,1
UGA,2020,5.2386551,50.900002,66.410004,209,UGA,1,1
UGA,2021,5.4737492,50.200001,66.449997,216,UGA,1,1
UGA,2022,4.4507113,50,67.675003,184,UGA,1,1
ZAF,2000,7.3366189,71.400002,58.368,175,ZAF,1,1
ZAF,2001,7.1232791,74.5,57.160999,192,ZAF,1,1
ZAF,2002,6.6777449,77,55.580002,225,ZAF,1,1
ZAF,2003,7.0409818,79.199997,54.244999,245,ZAF,1,1
ZAF,2004,6.938416,80.699997,53.963001,259,ZAF,1,1
ZAF,2005,6.8621616,79.800003,53.914001,279,ZAF,1,1
ZAF,2006,6.8765087,76.900002,54.220001,283,ZAF,1,1
ZAF,2007,6.9051085,71.199997,54.948002,272,ZAF,1,1
ZAF,2008,7.1483226,63.700001,55.981998,272,ZAF,1,1
ZAF,2009,7.6494145,56.900002,57.412998,241,ZAF,1,1
ZAF,2010,7.7935824,50.299999,58.886002,226,ZAF,1,1
ZAF,2011,7.944344,45.599998,60.602001,202,ZAF,1,1
ZAF,2012,8.0042887,43.099998,61.737,194,ZAF,1,1
ZAF,2013,8.1032228,41.400002,62.388,180,ZAF,1,1
ZAF,2014,7.8713655,39.700001,63.183998,162,ZAF,1,1
ZAF,2015,8.0530424,38.200001,64.053001,150,ZAF,1,1
ZAF,2016,8.0795937,36.799999,64.749001,141,ZAF,1,1
ZAF,2017,7.9771137,35.700001,65.421997,134,ZAF,1,1
ZAF,2018,8.0819664,34.900002,65.725998,128,ZAF,1,1
ZAF,2019,8.2465286,34.299999,66.070999,119,ZAF,1,1
ZAF,2020,9.0217409,33.900002,65.150002,118,ZAF,1,1
ZAF,2021,8.6645031,34,62.009998,191,ZAF,1,1
ZAF,2022,8.7451229,34.299999,65.454002,129,ZAF,1,1
ZMB,2000,4.1202908,151.8,46.577,340,ZMB,1,1
ZMB,2001,4.7785363,143.2,47.408001,306,ZMB,1,1
ZMB,2002,5.8884521,132.89999,48.460999,274,ZMB,1,1
ZMB,2003,5.9955359,122.1,49.616001,250,ZMB,1,1
ZMB,2004,5.4658751,111.7,50.540001,260,ZMB,1,1
ZMB,2005,6.3308868,102.7,51.615002,264,ZMB,1,1
ZMB,2006,5.5774231,94.800003,52.693001,262,ZMB,1,1
ZMB,2007,4.5599408,89.099998,53.73,324,ZMB,1,1
ZMB,2008,4.4937077,84.199997,54.834999,394,ZMB,1,1
ZMB,2009,5.2256851,78.400002,55.886002,406,ZMB,1,1
ZMB,2010,4.1342688,74.300003,56.896,332,ZMB,1,1
ZMB,2011,3.9591336,71.800003,57.842999,291,ZMB,1,1
ZMB,2012,4.0454173,69.199997,58.703999,256,ZMB,1,1
ZMB,2013,4.5739045,66,59.445,213,ZMB,1,1
ZMB,2014,3.8292422,62.599998,60.109001,174,ZMB,1,1
ZMB,2015,4.4297428,60.200001,60.728001,154,ZMB,1,1
ZMB,2016,4.4692316,57.099998,61.129002,158,ZMB,1,1
ZMB,2017,4.7815623,55.200001,61.563999,141,ZMB,1,1
ZMB,2018,4.7699671,54.700001,62.138,117,ZMB,1,1
ZMB,2019,6.7533026,53.5,62.914001,103,ZMB,1,1
ZMB,2020,6.3067441,52.5,63.361,99,ZMB,1,1
ZMB,2021,6.639514,50.400002,62.362999,140,ZMB,1,1
ZMB,2022,5.2104297,49.5,65.278999,89,ZMB,1,1
ZWE,2000,,99.400002,46.034,405,ZWE,0,0
ZWE,2001,,96.300003,44.525002,467,ZWE,0,0
ZWE,2002,,93.800003,45.938,418,ZWE,0,0
ZWE,2003,,91.900002,45.373001,455,ZWE,0,0
ZWE,2004,,91.199997,46.042999,451,ZWE,0,0
ZWE,2005,,91.599998,46.57,454,ZWE,0,0
ZWE,2006,,87.599998,47.056,480,ZWE,0,0
ZWE,2007,,90.599998,47.576,519,ZWE,0,0
ZWE,2008,,91.099998,48.456001,526,ZWE,0,0
ZWE,2009,,89.800003,49.75,540,ZWE,0,0
ZWE,2010,10.475753,85.199997,51.924999,567,ZWE,1,1
ZWE,2011,8.081707,77.199997,53.910999,564,ZWE,1,1
ZWE,2012,6.9183874,68,55.386002,558,ZWE,1,1
ZWE,2013,7.1102219,62.599998,56.841999,525,ZWE,1,1
ZWE,2014,8.1335125,59.799999,58.105999,468,ZWE,1,1
ZWE,2015,7.4520407,59.200001,58.988998,428,ZWE,1,1
ZWE,2016,7.2584558,57.5,59.759998,411,ZWE,1,1
ZWE,2017,6.174489,56.700001,60.263,389,ZWE,1,1
ZWE,2018,4.6732798,56.299999,60.905998,386,ZWE,1,1
ZWE,2019,3.2326815,58.599998,61.060001,388,ZWE,1,1
ZWE,2020,2.954401,61.700001,61.529999,380,ZWE,1,1
ZWE,2021,2.6711187,62.400002,60.134998,446,ZWE,1,1
ZWE,2022,3.395195,64,62.360001,368,ZWE,1,1
